"sampleName","taxon","type","degdays","counts","fracBySample"
"R1B","f__Clostridiaceae","Rib",0,0,0
"R1B","f__Comamonadaceae","Rib",0,0,0
"R1B","f__Enterobacteriaceae","Rib",0,121,0.0277777777777778
"R1B","f__Flavobacteriaceae","Rib",0,85,0.0195133149678604
"R1B","f__Holophagaceae","Rib",0,0,0
"R1B","f__Mogibacteriaceae","Rib",0,0,0
"R1B","f__Moraxellaceae","Rib",0,1561,0.358356290174472
"R1B","f__Phormidiaceae","Rib",0,1,0.00022956841138659
"R1B","f__Porphyromonadaceae","Rib",0,0,0
"R1B","f__Pseudomonadaceae","Rib",0,1620,0.371900826446281
"R1B","f__Rhodocyclaceae","Rib",0,0,0
"R1B","f__Rikenellaceae","Rib",0,0,0
"R1B","f__Ruminococcaceae","Rib",0,0,0
"R1B","f__Sediment_4","Rib",0,0,0
"R1B","f__Spirochaetaceae","Rib",0,0,0
"R1B","f__Syntrophomonadaceae","Rib",0,0,0
"R1B","f__Veillonellaceae","Rib",0,0,0
"R1B","Rare","Rib",0,968,0.222222222222222
"R1C10","f__Clostridiaceae","Rib",2496,907,0.251385809312639
"R1C10","f__Comamonadaceae","Rib",2496,0,0
"R1C10","f__Enterobacteriaceae","Rib",2496,21,0.00582039911308204
"R1C10","f__Flavobacteriaceae","Rib",2496,0,0
"R1C10","f__Holophagaceae","Rib",2496,788,0.21840354767184
"R1C10","f__Mogibacteriaceae","Rib",2496,45,0.0124722838137472
"R1C10","f__Moraxellaceae","Rib",2496,1,0.00027716186252771
"R1C10","f__Phormidiaceae","Rib",2496,58,0.0160753880266075
"R1C10","f__Porphyromonadaceae","Rib",2496,21,0.00582039911308204
"R1C10","f__Pseudomonadaceae","Rib",2496,0,0
"R1C10","f__Rhodocyclaceae","Rib",2496,0,0
"R1C10","f__Rikenellaceae","Rib",2496,189,0.0523835920177384
"R1C10","f__Ruminococcaceae","Rib",2496,331,0.0917405764966741
"R1C10","f__Sediment_4","Rib",2496,31,0.0085920177383592
"R1C10","f__Spirochaetaceae","Rib",2496,242,0.0670731707317073
"R1C10","f__Syntrophomonadaceae","Rib",2496,751,0.208148558758315
"R1C10","f__Veillonellaceae","Rib",2496,151,0.0418514412416851
"R1C10","Rare","Rib",2496,72,0.0199556541019956
"R1C12","f__Clostridiaceae","Rib",3103,1234,0.338267543859649
"R1C12","f__Comamonadaceae","Rib",3103,1,0.00027412280701754
"R1C12","f__Enterobacteriaceae","Rib",3103,0,0
"R1C12","f__Flavobacteriaceae","Rib",3103,0,0
"R1C12","f__Holophagaceae","Rib",3103,157,0.0430372807017544
"R1C12","f__Mogibacteriaceae","Rib",3103,27,0.00740131578947368
"R1C12","f__Moraxellaceae","Rib",3103,0,0
"R1C12","f__Phormidiaceae","Rib",3103,187,0.0512609649122807
"R1C12","f__Porphyromonadaceae","Rib",3103,16,0.0043859649122807
"R1C12","f__Pseudomonadaceae","Rib",3103,0,0
"R1C12","f__Rhodocyclaceae","Rib",3103,5,0.00137061403508772
"R1C12","f__Rikenellaceae","Rib",3103,123,0.0337171052631579
"R1C12","f__Ruminococcaceae","Rib",3103,382,0.104714912280702
"R1C12","f__Sediment_4","Rib",3103,43,0.0117872807017544
"R1C12","f__Spirochaetaceae","Rib",3103,241,0.0660635964912281
"R1C12","f__Syntrophomonadaceae","Rib",3103,862,0.236293859649123
"R1C12","f__Veillonellaceae","Rib",3103,265,0.0726425438596491
"R1C12","Rare","Rib",3103,105,0.0287828947368421
"R1C13","f__Clostridiaceae","Rib",3434,605,0.180435430957352
"R1C13","f__Comamonadaceae","Rib",3434,41,0.0122278556516552
"R1C13","f__Enterobacteriaceae","Rib",3434,56,0.0167014613778706
"R1C13","f__Flavobacteriaceae","Rib",3434,0,0
"R1C13","f__Holophagaceae","Rib",3434,230,0.0685952878019684
"R1C13","f__Mogibacteriaceae","Rib",3434,39,0.0116313748881599
"R1C13","f__Moraxellaceae","Rib",3434,11,0.00328064419922457
"R1C13","f__Phormidiaceae","Rib",3434,113,0.0337011631374888
"R1C13","f__Porphyromonadaceae","Rib",3434,21,0.00626304801670146
"R1C13","f__Pseudomonadaceae","Rib",3434,7,0.00208768267223382
"R1C13","f__Rhodocyclaceae","Rib",3434,35,0.0104384133611691
"R1C13","f__Rikenellaceae","Rib",3434,201,0.0599463167312854
"R1C13","f__Ruminococcaceae","Rib",3434,331,0.0987175663584849
"R1C13","f__Sediment_4","Rib",3434,75,0.0223680286310766
"R1C13","f__Spirochaetaceae","Rib",3434,380,0.113331345064122
"R1C13","f__Syntrophomonadaceae","Rib",3434,497,0.148225469728601
"R1C13","f__Veillonellaceae","Rib",3434,363,0.108261258574411
"R1C13","Rare","Rib",3434,348,0.103787652848195
"R1C15","f__Clostridiaceae","Rib",3962,225,0.0572373441872297
"R1C15","f__Comamonadaceae","Rib",3962,496,0.126176545408293
"R1C15","f__Enterobacteriaceae","Rib",3962,13,0.00330704655303994
"R1C15","f__Flavobacteriaceae","Rib",3962,12,0.00305265835665225
"R1C15","f__Holophagaceae","Rib",3962,2038,0.518443144238107
"R1C15","f__Mogibacteriaceae","Rib",3962,16,0.004070211142203
"R1C15","f__Moraxellaceae","Rib",3962,10,0.00254388196387688
"R1C15","f__Phormidiaceae","Rib",3962,47,0.0119562452302213
"R1C15","f__Porphyromonadaceae","Rib",3962,5,0.00127194098193844
"R1C15","f__Pseudomonadaceae","Rib",3962,34,0.00864919867718138
"R1C15","f__Rhodocyclaceae","Rib",3962,254,0.0646146018824727
"R1C15","f__Rikenellaceae","Rib",3962,34,0.00864919867718138
"R1C15","f__Ruminococcaceae","Rib",3962,118,0.0300178071737471
"R1C15","f__Sediment_4","Rib",3962,16,0.004070211142203
"R1C15","f__Spirochaetaceae","Rib",3962,45,0.0114474688374459
"R1C15","f__Syntrophomonadaceae","Rib",3962,101,0.0256932078351565
"R1C15","f__Veillonellaceae","Rib",3962,84,0.0213686084965658
"R1C15","Rare","Rib",3962,383,0.0974306792164844
"R1C17","f__Clostridiaceae","Rib",4527,1420,0.380085653104925
"R1C17","f__Comamonadaceae","Rib",4527,88,0.0235546038543897
"R1C17","f__Enterobacteriaceae","Rib",4527,85,0.0227516059957173
"R1C17","f__Flavobacteriaceae","Rib",4527,0,0
"R1C17","f__Holophagaceae","Rib",4527,92,0.0246252676659529
"R1C17","f__Mogibacteriaceae","Rib",4527,60,0.0160599571734475
"R1C17","f__Moraxellaceae","Rib",4527,0,0
"R1C17","f__Phormidiaceae","Rib",4527,3,0.00080299785867237
"R1C17","f__Porphyromonadaceae","Rib",4527,0,0
"R1C17","f__Pseudomonadaceae","Rib",4527,6,0.00160599571734475
"R1C17","f__Rhodocyclaceae","Rib",4527,66,0.0176659528907923
"R1C17","f__Rikenellaceae","Rib",4527,35,0.00936830835117773
"R1C17","f__Ruminococcaceae","Rib",4527,364,0.0974304068522484
"R1C17","f__Sediment_4","Rib",4527,10,0.00267665952890792
"R1C17","f__Spirochaetaceae","Rib",4527,209,0.0559421841541756
"R1C17","f__Syntrophomonadaceae","Rib",4527,366,0.09796573875803
"R1C17","f__Veillonellaceae","Rib",4527,764,0.204496788008565
"R1C17","Rare","Rib",4527,168,0.0449678800856531
"R1C2","f__Clostridiaceae","Rib",489,3141,0.72641073080481
"R1C2","f__Comamonadaceae","Rib",489,4,0.00092506938020351
"R1C2","f__Enterobacteriaceae","Rib",489,114,0.0263644773358002
"R1C2","f__Flavobacteriaceae","Rib",489,0,0
"R1C2","f__Holophagaceae","Rib",489,5,0.00115633672525439
"R1C2","f__Mogibacteriaceae","Rib",489,8,0.00185013876040703
"R1C2","f__Moraxellaceae","Rib",489,7,0.00161887141535615
"R1C2","f__Phormidiaceae","Rib",489,1,0.00023126734505087
"R1C2","f__Porphyromonadaceae","Rib",489,6,0.00138760407030527
"R1C2","f__Pseudomonadaceae","Rib",489,4,0.00092506938020351
"R1C2","f__Rhodocyclaceae","Rib",489,4,0.00092506938020351
"R1C2","f__Rikenellaceae","Rib",489,191,0.0441720629047179
"R1C2","f__Ruminococcaceae","Rib",489,98,0.0226641998149861
"R1C2","f__Sediment_4","Rib",489,0,0
"R1C2","f__Spirochaetaceae","Rib",489,0,0
"R1C2","f__Syntrophomonadaceae","Rib",489,0,0
"R1C2","f__Veillonellaceae","Rib",489,681,0.157493061979648
"R1C2","Rare","Rib",489,60,0.0138760407030527
"R1C4","f__Clostridiaceae","Rib",989,2169,0.551067073170732
"R1C4","f__Comamonadaceae","Rib",989,112,0.0284552845528455
"R1C4","f__Enterobacteriaceae","Rib",989,71,0.0180386178861789
"R1C4","f__Flavobacteriaceae","Rib",989,8,0.00203252032520325
"R1C4","f__Holophagaceae","Rib",989,81,0.0205792682926829
"R1C4","f__Mogibacteriaceae","Rib",989,17,0.00431910569105691
"R1C4","f__Moraxellaceae","Rib",989,3,0.00076219512195122
"R1C4","f__Phormidiaceae","Rib",989,0,0
"R1C4","f__Porphyromonadaceae","Rib",989,63,0.0160060975609756
"R1C4","f__Pseudomonadaceae","Rib",989,12,0.00304878048780488
"R1C4","f__Rhodocyclaceae","Rib",989,46,0.0116869918699187
"R1C4","f__Rikenellaceae","Rib",989,406,0.103150406504065
"R1C4","f__Ruminococcaceae","Rib",989,151,0.0383638211382114
"R1C4","f__Sediment_4","Rib",989,0,0
"R1C4","f__Spirochaetaceae","Rib",989,8,0.00203252032520325
"R1C4","f__Syntrophomonadaceae","Rib",989,34,0.00863821138211382
"R1C4","f__Veillonellaceae","Rib",989,482,0.122459349593496
"R1C4","Rare","Rib",989,273,0.0693597560975609
"R1C6","f__Clostridiaceae","Rib",1490,3035,0.743508084272415
"R1C6","f__Comamonadaceae","Rib",1490,2,0.00048995590396864
"R1C6","f__Enterobacteriaceae","Rib",1490,51,0.0124938755512004
"R1C6","f__Flavobacteriaceae","Rib",1490,0,0
"R1C6","f__Holophagaceae","Rib",1490,6,0.00146986771190593
"R1C6","f__Mogibacteriaceae","Rib",1490,44,0.0107790298873101
"R1C6","f__Moraxellaceae","Rib",1490,0,0
"R1C6","f__Phormidiaceae","Rib",1490,3,0.00073493385595296
"R1C6","f__Porphyromonadaceae","Rib",1490,20,0.00489955903968643
"R1C6","f__Pseudomonadaceae","Rib",1490,1,0.00024497795198432
"R1C6","f__Rhodocyclaceae","Rib",1490,1,0.00024497795198432
"R1C6","f__Rikenellaceae","Rib",1490,169,0.0414012738853503
"R1C6","f__Ruminococcaceae","Rib",1490,304,0.0744732974032337
"R1C6","f__Sediment_4","Rib",1490,0,0
"R1C6","f__Spirochaetaceae","Rib",1490,27,0.00661440470357668
"R1C6","f__Syntrophomonadaceae","Rib",1490,70,0.0171484566389025
"R1C6","f__Veillonellaceae","Rib",1490,296,0.0725134737873591
"R1C6","Rare","Rib",1490,53,0.012983831455169
"R1C8","f__Clostridiaceae","Rib",1980,935,0.253113156469951
"R1C8","f__Comamonadaceae","Rib",1980,7,0.00189496480779643
"R1C8","f__Enterobacteriaceae","Rib",1980,140,0.0378992961559285
"R1C8","f__Flavobacteriaceae","Rib",1980,0,0
"R1C8","f__Holophagaceae","Rib",1980,590,0.159718462371413
"R1C8","f__Mogibacteriaceae","Rib",1980,49,0.013264753654575
"R1C8","f__Moraxellaceae","Rib",1980,21,0.00568489442338928
"R1C8","f__Phormidiaceae","Rib",1980,103,0.0278830536004331
"R1C8","f__Porphyromonadaceae","Rib",1980,38,0.010286951813752
"R1C8","f__Pseudomonadaceae","Rib",1980,4,0.00108283703302653
"R1C8","f__Rhodocyclaceae","Rib",1980,3,0.00081212777476989
"R1C8","f__Rikenellaceae","Rib",1980,546,0.147807255008121
"R1C8","f__Ruminococcaceae","Rib",1980,509,0.137791012452626
"R1C8","f__Sediment_4","Rib",1980,9,0.00243638332430969
"R1C8","f__Spirochaetaceae","Rib",1980,94,0.0254466702761234
"R1C8","f__Syntrophomonadaceae","Rib",1980,67,0.0181375203031944
"R1C8","f__Veillonellaceae","Rib",1980,471,0.127504060638874
"R1C8","Rare","Rib",1980,108,0.0292365998917162
"R2B","f__Clostridiaceae","Rib",0,1,0.00022857142857142
"R2B","f__Comamonadaceae","Rib",0,0,0
"R2B","f__Enterobacteriaceae","Rib",0,210,0.048
"R2B","f__Flavobacteriaceae","Rib",0,72,0.0164571428571429
"R2B","f__Holophagaceae","Rib",0,1,0.00022857142857142
"R2B","f__Mogibacteriaceae","Rib",0,0,0
"R2B","f__Moraxellaceae","Rib",0,1607,0.367314285714286
"R2B","f__Phormidiaceae","Rib",0,0,0
"R2B","f__Porphyromonadaceae","Rib",0,0,0
"R2B","f__Pseudomonadaceae","Rib",0,1737,0.397028571428571
"R2B","f__Rhodocyclaceae","Rib",0,0,0
"R2B","f__Rikenellaceae","Rib",0,0,0
"R2B","f__Ruminococcaceae","Rib",0,0,0
"R2B","f__Sediment_4","Rib",0,0,0
"R2B","f__Spirochaetaceae","Rib",0,0,0
"R2B","f__Syntrophomonadaceae","Rib",0,0,0
"R2B","f__Veillonellaceae","Rib",0,0,0
"R2B","Rare","Rib",0,747,0.170742857142858
"R2C10","f__Clostridiaceae","Rib",2496,714,0.196099972535018
"R2C10","f__Comamonadaceae","Rib",2496,0,0
"R2C10","f__Enterobacteriaceae","Rib",2496,2,0.00054929964295523
"R2C10","f__Flavobacteriaceae","Rib",2496,0,0
"R2C10","f__Holophagaceae","Rib",2496,1866,0.512496566877232
"R2C10","f__Mogibacteriaceae","Rib",2496,43,0.0118099423235375
"R2C10","f__Moraxellaceae","Rib",2496,0,0
"R2C10","f__Phormidiaceae","Rib",2496,63,0.0173029387530898
"R2C10","f__Porphyromonadaceae","Rib",2496,21,0.00576764625102994
"R2C10","f__Pseudomonadaceae","Rib",2496,0,0
"R2C10","f__Rhodocyclaceae","Rib",2496,4,0.00109859928591046
"R2C10","f__Rikenellaceae","Rib",2496,153,0.0420214226860753
"R2C10","f__Ruminococcaceae","Rib",2496,166,0.0455918703652843
"R2C10","f__Sediment_4","Rib",2496,5,0.00137324910738808
"R2C10","f__Spirochaetaceae","Rib",2496,123,0.0337819280417468
"R2C10","f__Syntrophomonadaceae","Rib",2496,300,0.0823949464432848
"R2C10","f__Veillonellaceae","Rib",2496,89,0.0244438341115078
"R2C10","Rare","Rib",2496,92,0.0252677835759407
"R2C12","f__Clostridiaceae","Rib",3103,1192,0.319485392656124
"R2C12","f__Comamonadaceae","Rib",3103,2,0.00053604931653712
"R2C12","f__Enterobacteriaceae","Rib",3103,15,0.00402036987402841
"R2C12","f__Flavobacteriaceae","Rib",3103,0,0
"R2C12","f__Holophagaceae","Rib",3103,900,0.241222192441705
"R2C12","f__Mogibacteriaceae","Rib",3103,26,0.00696864111498258
"R2C12","f__Moraxellaceae","Rib",3103,0,0
"R2C12","f__Phormidiaceae","Rib",3103,390,0.104529616724739
"R2C12","f__Porphyromonadaceae","Rib",3103,24,0.00643259179844546
"R2C12","f__Pseudomonadaceae","Rib",3103,1,0.00026802465826856
"R2C12","f__Rhodocyclaceae","Rib",3103,2,0.00053604931653712
"R2C12","f__Rikenellaceae","Rib",3103,122,0.0326990083087644
"R2C12","f__Ruminococcaceae","Rib",3103,230,0.061645671401769
"R2C12","f__Sediment_4","Rib",3103,23,0.0061645671401769
"R2C12","f__Spirochaetaceae","Rib",3103,122,0.0326990083087644
"R2C12","f__Syntrophomonadaceae","Rib",3103,456,0.122219244170464
"R2C12","f__Veillonellaceae","Rib",3103,125,0.0335030822835701
"R2C12","Rare","Rib",3103,101,0.0270704904851246
"R2C13","f__Clostridiaceae","Rib",3434,1459,0.389378169202028
"R2C13","f__Comamonadaceae","Rib",3434,7,0.00186816119562317
"R2C13","f__Enterobacteriaceae","Rib",3434,126,0.033626901521217
"R2C13","f__Flavobacteriaceae","Rib",3434,0,0
"R2C13","f__Holophagaceae","Rib",3434,128,0.0341606618628236
"R2C13","f__Mogibacteriaceae","Rib",3434,55,0.014678409394182
"R2C13","f__Moraxellaceae","Rib",3434,1,0.0002668801708033
"R2C13","f__Phormidiaceae","Rib",3434,198,0.0528422738190552
"R2C13","f__Porphyromonadaceae","Rib",3434,10,0.00266880170803309
"R2C13","f__Pseudomonadaceae","Rib",3434,6,0.00160128102481986
"R2C13","f__Rhodocyclaceae","Rib",3434,7,0.00186816119562317
"R2C13","f__Rikenellaceae","Rib",3434,72,0.0192153722978383
"R2C13","f__Ruminococcaceae","Rib",3434,456,0.121697357886309
"R2C13","f__Sediment_4","Rib",3434,60,0.0160128102481986
"R2C13","f__Spirochaetaceae","Rib",3434,199,0.0531091539898586
"R2C13","f__Syntrophomonadaceae","Rib",3434,347,0.0926074192687483
"R2C13","f__Veillonellaceae","Rib",3434,447,0.119295436349079
"R2C13","Rare","Rib",3434,169,0.0451027488657592
"R2C15","f__Clostridiaceae","Rib",3962,404,0.111325434003858
"R2C15","f__Comamonadaceae","Rib",3962,220,0.0606227610912097
"R2C15","f__Enterobacteriaceae","Rib",3962,9,0.0024800220446404
"R2C15","f__Flavobacteriaceae","Rib",3962,8,0.00220446403968035
"R2C15","f__Holophagaceae","Rib",3962,1584,0.43648387985671
"R2C15","f__Mogibacteriaceae","Rib",3962,29,0.00799118214384128
"R2C15","f__Moraxellaceae","Rib",3962,4,0.00110223201984018
"R2C15","f__Phormidiaceae","Rib",3962,14,0.00385781206944062
"R2C15","f__Porphyromonadaceae","Rib",3962,47,0.0129512262331221
"R2C15","f__Pseudomonadaceae","Rib",3962,22,0.00606227610912097
"R2C15","f__Rhodocyclaceae","Rib",3962,135,0.037200330669606
"R2C15","f__Rikenellaceae","Rib",3962,51,0.0140534582529622
"R2C15","f__Ruminococcaceae","Rib",3962,194,0.0534582529622486
"R2C15","f__Sediment_4","Rib",3962,13,0.00358225406448057
"R2C15","f__Spirochaetaceae","Rib",3962,104,0.0286580325158446
"R2C15","f__Syntrophomonadaceae","Rib",3962,423,0.116561036098099
"R2C15","f__Veillonellaceae","Rib",3962,96,0.0264535684761642
"R2C15","Rare","Rib",3962,272,0.074951777349132
"R2C17","f__Clostridiaceae","Rib",4527,656,0.185783064287737
"R2C17","f__Comamonadaceae","Rib",4527,190,0.05380911922968
"R2C17","f__Enterobacteriaceae","Rib",4527,33,0.00934579439252336
"R2C17","f__Flavobacteriaceae","Rib",4527,29,0.00821297082979326
"R2C17","f__Holophagaceae","Rib",4527,390,0.110450297366185
"R2C17","f__Mogibacteriaceae","Rib",4527,120,0.0339847068819031
"R2C17","f__Moraxellaceae","Rib",4527,6,0.00169923534409516
"R2C17","f__Phormidiaceae","Rib",4527,3,0.00084961767204757
"R2C17","f__Porphyromonadaceae","Rib",4527,46,0.0130274709713962
"R2C17","f__Pseudomonadaceae","Rib",4527,1,0.00028320589068252
"R2C17","f__Rhodocyclaceae","Rib",4527,111,0.0314358538657604
"R2C17","f__Rikenellaceae","Rib",4527,43,0.0121778532993486
"R2C17","f__Ruminococcaceae","Rib",4527,251,0.0710846785613141
"R2C17","f__Sediment_4","Rib",4527,53,0.0150099122061739
"R2C17","f__Spirochaetaceae","Rib",4527,66,0.0186915887850467
"R2C17","f__Syntrophomonadaceae","Rib",4527,691,0.195695270461626
"R2C17","f__Veillonellaceae","Rib",4527,367,0.103936561880487
"R2C17","Rare","Rib",4527,475,0.1345227980742
"R2C2","f__Clostridiaceae","Rib",489,3283,0.769032560318576
"R2C2","f__Comamonadaceae","Rib",489,7,0.00163972827360037
"R2C2","f__Enterobacteriaceae","Rib",489,103,0.0241274303115484
"R2C2","f__Flavobacteriaceae","Rib",489,1,0.00023424689622862
"R2C2","f__Holophagaceae","Rib",489,6,0.00140548137737175
"R2C2","f__Mogibacteriaceae","Rib",489,4,0.0009369875849145
"R2C2","f__Moraxellaceae","Rib",489,35,0.00819864136800187
"R2C2","f__Phormidiaceae","Rib",489,0,0
"R2C2","f__Porphyromonadaceae","Rib",489,8,0.001873975169829
"R2C2","f__Pseudomonadaceae","Rib",489,64,0.014991801358632
"R2C2","f__Rhodocyclaceae","Rib",489,1,0.00023424689622862
"R2C2","f__Rikenellaceae","Rib",489,348,0.0815179198875615
"R2C2","f__Ruminococcaceae","Rib",489,98,0.0229561958304052
"R2C2","f__Sediment_4","Rib",489,0,0
"R2C2","f__Spirochaetaceae","Rib",489,3,0.00070274068868587
"R2C2","f__Syntrophomonadaceae","Rib",489,1,0.00023424689622862
"R2C2","f__Veillonellaceae","Rib",489,244,0.0571562426797845
"R2C2","Rare","Rib",489,63,0.0147575544624033
"R2C4","f__Clostridiaceae","Rib",989,2205,0.564227226202661
"R2C4","f__Comamonadaceae","Rib",989,104,0.0266120777891505
"R2C4","f__Enterobacteriaceae","Rib",989,141,0.0360798362333675
"R2C4","f__Flavobacteriaceae","Rib",989,19,0.0048618219037871
"R2C4","f__Holophagaceae","Rib",989,23,0.00588536335721597
"R2C4","f__Mogibacteriaceae","Rib",989,25,0.0063971340839304
"R2C4","f__Moraxellaceae","Rib",989,0,0
"R2C4","f__Phormidiaceae","Rib",989,10,0.00255885363357216
"R2C4","f__Porphyromonadaceae","Rib",989,41,0.0104912998976459
"R2C4","f__Pseudomonadaceae","Rib",989,13,0.00332650972364381
"R2C4","f__Rhodocyclaceae","Rib",989,57,0.0145854657113613
"R2C4","f__Rikenellaceae","Rib",989,135,0.0345445240532242
"R2C4","f__Ruminococcaceae","Rib",989,214,0.0547594677584442
"R2C4","f__Sediment_4","Rib",989,0,0
"R2C4","f__Spirochaetaceae","Rib",989,2,0.00051177072671443
"R2C4","f__Syntrophomonadaceae","Rib",989,16,0.00409416581371546
"R2C4","f__Veillonellaceae","Rib",989,643,0.16453428863869
"R2C4","Rare","Rib",989,260,0.0665301944728762
"R2C6","f__Clostridiaceae","Rib",1490,2678,0.678661936137861
"R2C6","f__Comamonadaceae","Rib",1490,5,0.00126710593005575
"R2C6","f__Enterobacteriaceae","Rib",1490,46,0.0116573745565129
"R2C6","f__Flavobacteriaceae","Rib",1490,0,0
"R2C6","f__Holophagaceae","Rib",1490,23,0.00582868727825646
"R2C6","f__Mogibacteriaceae","Rib",1490,79,0.0200202736948809
"R2C6","f__Moraxellaceae","Rib",1490,1,0.00025342118601115
"R2C6","f__Phormidiaceae","Rib",1490,7,0.00177394830207805
"R2C6","f__Porphyromonadaceae","Rib",1490,20,0.00506842372022301
"R2C6","f__Pseudomonadaceae","Rib",1490,0,0
"R2C6","f__Rhodocyclaceae","Rib",1490,1,0.00025342118601115
"R2C6","f__Rikenellaceae","Rib",1490,176,0.0446021287379625
"R2C6","f__Ruminococcaceae","Rib",1490,332,0.084135833755702
"R2C6","f__Sediment_4","Rib",1490,0,0
"R2C6","f__Spirochaetaceae","Rib",1490,11,0.00278763304612266
"R2C6","f__Syntrophomonadaceae","Rib",1490,52,0.0131779016725798
"R2C6","f__Veillonellaceae","Rib",1490,377,0.0955397871262038
"R2C6","Rare","Rib",1490,138,0.0349721236695388
"R2C8","f__Clostridiaceae","Rib",1980,1300,0.379340531076743
"R2C8","f__Comamonadaceae","Rib",1980,8,0.00233440326816458
"R2C8","f__Enterobacteriaceae","Rib",1980,129,0.0376422526991538
"R2C8","f__Flavobacteriaceae","Rib",1980,0,0
"R2C8","f__Holophagaceae","Rib",1980,169,0.0493142690399767
"R2C8","f__Mogibacteriaceae","Rib",1980,48,0.0140064196089875
"R2C8","f__Moraxellaceae","Rib",1980,51,0.0148818208345492
"R2C8","f__Phormidiaceae","Rib",1980,35,0.01021301429822
"R2C8","f__Porphyromonadaceae","Rib",1980,40,0.0116720163408229
"R2C8","f__Pseudomonadaceae","Rib",1980,0,0
"R2C8","f__Rhodocyclaceae","Rib",1980,18,0.00525240735337029
"R2C8","f__Rikenellaceae","Rib",1980,265,0.0773271082579516
"R2C8","f__Ruminococcaceae","Rib",1980,524,0.15290341406478
"R2C8","f__Sediment_4","Rib",1980,5,0.00145900204260286
"R2C8","f__Spirochaetaceae","Rib",1980,128,0.0373504522906332
"R2C8","f__Syntrophomonadaceae","Rib",1980,152,0.0443536620951269
"R2C8","f__Veillonellaceae","Rib",1980,406,0.118470965859352
"R2C8","Rare","Rib",1980,149,0.0434782608695652
"R3B","f__Clostridiaceae","Rib",0,1,0.00022867596615595
"R3B","f__Comamonadaceae","Rib",0,0,0
"R3B","f__Enterobacteriaceae","Rib",0,178,0.0407043219757603
"R3B","f__Flavobacteriaceae","Rib",0,69,0.015778641664761
"R3B","f__Holophagaceae","Rib",0,0,0
"R3B","f__Mogibacteriaceae","Rib",0,0,0
"R3B","f__Moraxellaceae","Rib",0,1448,0.331122798993826
"R3B","f__Phormidiaceae","Rib",0,1,0.00022867596615595
"R3B","f__Porphyromonadaceae","Rib",0,0,0
"R3B","f__Pseudomonadaceae","Rib",0,1755,0.401326320603705
"R3B","f__Rhodocyclaceae","Rib",0,0,0
"R3B","f__Rikenellaceae","Rib",0,0,0
"R3B","f__Ruminococcaceae","Rib",0,0,0
"R3B","f__Sediment_4","Rib",0,0,0
"R3B","f__Spirochaetaceae","Rib",0,0,0
"R3B","f__Syntrophomonadaceae","Rib",0,0,0
"R3B","f__Veillonellaceae","Rib",0,0,0
"R3B","Rare","Rib",0,921,0.210610564829636
"R3C10","f__Clostridiaceae","Rib",2496,1588,0.458561940514005
"R3C10","f__Comamonadaceae","Rib",2496,0,0
"R3C10","f__Enterobacteriaceae","Rib",2496,4,0.00115506786023679
"R3C10","f__Flavobacteriaceae","Rib",2496,0,0
"R3C10","f__Holophagaceae","Rib",2496,160,0.0462027144094716
"R3C10","f__Mogibacteriaceae","Rib",2496,36,0.0103956107421311
"R3C10","f__Moraxellaceae","Rib",2496,0,0
"R3C10","f__Phormidiaceae","Rib",2496,26,0.00750794109153913
"R3C10","f__Porphyromonadaceae","Rib",2496,15,0.00433150447588796
"R3C10","f__Pseudomonadaceae","Rib",2496,0,0
"R3C10","f__Rhodocyclaceae","Rib",2496,0,0
"R3C10","f__Rikenellaceae","Rib",2496,211,0.0609298296274906
"R3C10","f__Ruminococcaceae","Rib",2496,441,0.127346231591106
"R3C10","f__Sediment_4","Rib",2496,9,0.00259890268553278
"R3C10","f__Spirochaetaceae","Rib",2496,170,0.0490903840600635
"R3C10","f__Syntrophomonadaceae","Rib",2496,435,0.125613629800751
"R3C10","f__Veillonellaceae","Rib",2496,267,0.0771007796708057
"R3C10","Rare","Rib",2496,101,0.029165463470979
"R3C12","f__Clostridiaceae","Rib",3103,817,0.217402873869079
"R3C12","f__Comamonadaceae","Rib",3103,0,0
"R3C12","f__Enterobacteriaceae","Rib",3103,8,0.00212879191059074
"R3C12","f__Flavobacteriaceae","Rib",3103,0,0
"R3C12","f__Holophagaceae","Rib",3103,682,0.181479510377861
"R3C12","f__Mogibacteriaceae","Rib",3103,29,0.00771687067589143
"R3C12","f__Moraxellaceae","Rib",3103,2,0.00053219797764768
"R3C12","f__Phormidiaceae","Rib",3103,253,0.0673230441724322
"R3C12","f__Porphyromonadaceae","Rib",3103,14,0.00372538584353379
"R3C12","f__Pseudomonadaceae","Rib",3103,1,0.00026609898882384
"R3C12","f__Rhodocyclaceae","Rib",3103,0,0
"R3C12","f__Rikenellaceae","Rib",3103,214,0.0569451836083023
"R3C12","f__Ruminococcaceae","Rib",3103,183,0.0486961149547632
"R3C12","f__Sediment_4","Rib",3103,24,0.00638637573177222
"R3C12","f__Spirochaetaceae","Rib",3103,261,0.0694518360830229
"R3C12","f__Syntrophomonadaceae","Rib",3103,988,0.262905800957956
"R3C12","f__Veillonellaceae","Rib",3103,91,0.0242150079829697
"R3C12","Rare","Rib",3103,191,0.0508249068653539
"R3C13","f__Clostridiaceae","Rib",3434,851,0.242036405005688
"R3C13","f__Comamonadaceae","Rib",3434,9,0.00255972696245734
"R3C13","f__Enterobacteriaceae","Rib",3434,70,0.0199089874857793
"R3C13","f__Flavobacteriaceae","Rib",3434,0,0
"R3C13","f__Holophagaceae","Rib",3434,254,0.0722411831626849
"R3C13","f__Mogibacteriaceae","Rib",3434,66,0.0187713310580205
"R3C13","f__Moraxellaceae","Rib",3434,0,0
"R3C13","f__Phormidiaceae","Rib",3434,14,0.00398179749715586
"R3C13","f__Porphyromonadaceae","Rib",3434,24,0.0068259385665529
"R3C13","f__Pseudomonadaceae","Rib",3434,2,0.0005688282138794
"R3C13","f__Rhodocyclaceae","Rib",3434,12,0.00341296928327645
"R3C13","f__Rikenellaceae","Rib",3434,160,0.0455062571103527
"R3C13","f__Ruminococcaceae","Rib",3434,359,0.102104664391354
"R3C13","f__Sediment_4","Rib",3434,122,0.0346985210466439
"R3C13","f__Spirochaetaceae","Rib",3434,281,0.0799203640500569
"R3C13","f__Syntrophomonadaceae","Rib",3434,599,0.170364050056883
"R3C13","f__Veillonellaceae","Rib",3434,541,0.15386803185438
"R3C13","Rare","Rib",3434,152,0.043230944254835
"R3C15","f__Clostridiaceae","Rib",3962,1730,0.550780006367399
"R3C15","f__Comamonadaceae","Rib",3962,59,0.0187838268067494
"R3C15","f__Enterobacteriaceae","Rib",3962,4,0.00127347978350844
"R3C15","f__Flavobacteriaceae","Rib",3962,0,0
"R3C15","f__Holophagaceae","Rib",3962,124,0.0394778732887615
"R3C15","f__Mogibacteriaceae","Rib",3962,29,0.00923272843043617
"R3C15","f__Moraxellaceae","Rib",3962,1,0.0003183699458771
"R3C15","f__Phormidiaceae","Rib",3962,1,0.0003183699458771
"R3C15","f__Porphyromonadaceae","Rib",3962,9,0.00286532951289398
"R3C15","f__Pseudomonadaceae","Rib",3962,23,0.00732250875517351
"R3C15","f__Rhodocyclaceae","Rib",3962,29,0.00923272843043617
"R3C15","f__Rikenellaceae","Rib",3962,111,0.0353390639923591
"R3C15","f__Ruminococcaceae","Rib",3962,203,0.0646290990130532
"R3C15","f__Sediment_4","Rib",3962,10,0.00318369945877109
"R3C15","f__Spirochaetaceae","Rib",3962,211,0.06717605858007
"R3C15","f__Syntrophomonadaceae","Rib",3962,335,0.106653931868832
"R3C15","f__Veillonellaceae","Rib",3962,82,0.026106335561923
"R3C15","Rare","Rib",3962,180,0.0573065902578797
"R3C17","f__Clostridiaceae","Rib",4527,720,0.202816901408451
"R3C17","f__Comamonadaceae","Rib",4527,113,0.031830985915493
"R3C17","f__Enterobacteriaceae","Rib",4527,33,0.00929577464788732
"R3C17","f__Flavobacteriaceae","Rib",4527,1,0.00028169014084507
"R3C17","f__Holophagaceae","Rib",4527,664,0.187042253521127
"R3C17","f__Mogibacteriaceae","Rib",4527,39,0.0109859154929577
"R3C17","f__Moraxellaceae","Rib",4527,0,0
"R3C17","f__Phormidiaceae","Rib",4527,11,0.00309859154929577
"R3C17","f__Porphyromonadaceae","Rib",4527,9,0.00253521126760563
"R3C17","f__Pseudomonadaceae","Rib",4527,4,0.00112676056338028
"R3C17","f__Rhodocyclaceae","Rib",4527,55,0.0154929577464789
"R3C17","f__Rikenellaceae","Rib",4527,85,0.023943661971831
"R3C17","f__Ruminococcaceae","Rib",4527,201,0.0566197183098592
"R3C17","f__Sediment_4","Rib",4527,13,0.00366197183098592
"R3C17","f__Spirochaetaceae","Rib",4527,126,0.0354929577464789
"R3C17","f__Syntrophomonadaceae","Rib",4527,414,0.116619718309859
"R3C17","f__Veillonellaceae","Rib",4527,847,0.238591549295775
"R3C17","Rare","Rib",4527,215,0.0605633802816902
"R3C2","f__Clostridiaceae","Rib",489,2420,0.565552699228792
"R3C2","f__Comamonadaceae","Rib",489,72,0.016826361299369
"R3C2","f__Enterobacteriaceae","Rib",489,442,0.103295162421126
"R3C2","f__Flavobacteriaceae","Rib",489,0,0
"R3C2","f__Holophagaceae","Rib",489,10,0.00233699462491236
"R3C2","f__Mogibacteriaceae","Rib",489,16,0.00373919139985978
"R3C2","f__Moraxellaceae","Rib",489,12,0.00280439354989484
"R3C2","f__Phormidiaceae","Rib",489,1,0.00023369946249123
"R3C2","f__Porphyromonadaceae","Rib",489,12,0.00280439354989484
"R3C2","f__Pseudomonadaceae","Rib",489,91,0.0212666510867025
"R3C2","f__Rhodocyclaceae","Rib",489,7,0.00163589623743865
"R3C2","f__Rikenellaceae","Rib",489,596,0.139284879644777
"R3C2","f__Ruminococcaceae","Rib",489,102,0.0238373451741061
"R3C2","f__Sediment_4","Rib",489,0,0
"R3C2","f__Spirochaetaceae","Rib",489,0,0
"R3C2","f__Syntrophomonadaceae","Rib",489,0,0
"R3C2","f__Veillonellaceae","Rib",489,391,0.0913764898340734
"R3C2","Rare","Rib",489,107,0.0250058424865623
"R3C4","f__Clostridiaceae","Rib",989,2055,0.530049006964148
"R3C4","f__Comamonadaceae","Rib",989,216,0.0557131802940418
"R3C4","f__Enterobacteriaceae","Rib",989,123,0.0317255610007738
"R3C4","f__Flavobacteriaceae","Rib",989,19,0.00490069641475368
"R3C4","f__Holophagaceae","Rib",989,37,0.00954346143925716
"R3C4","f__Mogibacteriaceae","Rib",989,21,0.00541655919525406
"R3C4","f__Moraxellaceae","Rib",989,7,0.00180551973175135
"R3C4","f__Phormidiaceae","Rib",989,7,0.00180551973175135
"R3C4","f__Porphyromonadaceae","Rib",989,65,0.0167655403662626
"R3C4","f__Pseudomonadaceae","Rib",989,11,0.00283724529275213
"R3C4","f__Rhodocyclaceae","Rib",989,70,0.0180551973175135
"R3C4","f__Rikenellaceae","Rib",989,114,0.0294041784885221
"R3C4","f__Ruminococcaceae","Rib",989,166,0.0428166107815321
"R3C4","f__Sediment_4","Rib",989,0,0
"R3C4","f__Spirochaetaceae","Rib",989,2,0.00051586278050038
"R3C4","f__Syntrophomonadaceae","Rib",989,16,0.0041269022440031
"R3C4","f__Veillonellaceae","Rib",989,448,0.115553262832087
"R3C4","Rare","Rib",989,500,0.128965695125097
"R3C6","f__Clostridiaceae","Rib",1490,2200,0.563668972585191
"R3C6","f__Comamonadaceae","Rib",1490,56,0.0143479374839867
"R3C6","f__Enterobacteriaceae","Rib",1490,47,0.0120420189597745
"R3C6","f__Flavobacteriaceae","Rib",1490,0,0
"R3C6","f__Holophagaceae","Rib",1490,461,0.118114271073533
"R3C6","f__Mogibacteriaceae","Rib",1490,59,0.0151165769920574
"R3C6","f__Moraxellaceae","Rib",1490,1,0.0002562131693569
"R3C6","f__Phormidiaceae","Rib",1490,10,0.00256213169356905
"R3C6","f__Porphyromonadaceae","Rib",1490,41,0.0105047399436331
"R3C6","f__Pseudomonadaceae","Rib",1490,11,0.00281834486292595
"R3C6","f__Rhodocyclaceae","Rib",1490,50,0.0128106584678452
"R3C6","f__Rikenellaceae","Rib",1490,200,0.051242633871381
"R3C6","f__Ruminococcaceae","Rib",1490,220,0.0563668972585191
"R3C6","f__Sediment_4","Rib",1490,4,0.00102485267742762
"R3C6","f__Spirochaetaceae","Rib",1490,17,0.00435562387906738
"R3C6","f__Syntrophomonadaceae","Rib",1490,36,0.00922367409684858
"R3C6","f__Veillonellaceae","Rib",1490,319,0.0817320010248527
"R3C6","Rare","Rib",1490,171,0.0438124519600307
"R3C8","f__Clostridiaceae","Rib",1980,652,0.194105388508485
"R3C8","f__Comamonadaceae","Rib",1980,10,0.00297707651086633
"R3C8","f__Enterobacteriaceae","Rib",1980,57,0.0169693361119381
"R3C8","f__Flavobacteriaceae","Rib",1980,0,0
"R3C8","f__Holophagaceae","Rib",1980,790,0.23518904435844
"R3C8","f__Mogibacteriaceae","Rib",1980,70,0.0208395355760643
"R3C8","f__Moraxellaceae","Rib",1980,73,0.0217326585293242
"R3C8","f__Phormidiaceae","Rib",1980,35,0.0104197677880322
"R3C8","f__Porphyromonadaceae","Rib",1980,31,0.00922893718368562
"R3C8","f__Pseudomonadaceae","Rib",1980,0,0
"R3C8","f__Rhodocyclaceae","Rib",1980,54,0.0160762131586782
"R3C8","f__Rikenellaceae","Rib",1980,302,0.0899077106281631
"R3C8","f__Ruminococcaceae","Rib",1980,254,0.0756177433760048
"R3C8","f__Sediment_4","Rib",1980,20,0.00595415302173266
"R3C8","f__Spirochaetaceae","Rib",1980,236,0.0702590056564454
"R3C8","f__Syntrophomonadaceae","Rib",1980,135,0.0401905328966954
"R3C8","f__Veillonellaceae","Rib",1980,306,0.0910985412325097
"R3C8","Rare","Rib",1980,334,0.0994343554629354
"S1B","f__Clostridiaceae","Scapula",0,7,0.00159890360895386
"S1B","f__Comamonadaceae","Scapula",0,0,0
"S1B","f__Enterobacteriaceae","Scapula",0,140,0.0319780721790772
"S1B","f__Flavobacteriaceae","Scapula",0,914,0.208771128369118
"S1B","f__Holophagaceae","Scapula",0,1,0.00022841480127912
"S1B","f__Mogibacteriaceae","Scapula",0,0,0
"S1B","f__Moraxellaceae","Scapula",0,1418,0.323892188213796
"S1B","f__Phormidiaceae","Scapula",0,0,0
"S1B","f__Porphyromonadaceae","Scapula",0,0,0
"S1B","f__Pseudomonadaceae","Scapula",0,1308,0.298766560073093
"S1B","f__Rhodocyclaceae","Scapula",0,0,0
"S1B","f__Rikenellaceae","Scapula",0,0,0
"S1B","f__Ruminococcaceae","Scapula",0,1,0.00022841480127912
"S1B","f__Sediment_4","Scapula",0,0,0
"S1B","f__Spirochaetaceae","Scapula",0,0,0
"S1B","f__Syntrophomonadaceae","Scapula",0,0,0
"S1B","f__Veillonellaceae","Scapula",0,1,0.00022841480127912
"S1B","Rare","Scapula",0,588,0.134307903152124
"S1C10","f__Clostridiaceae","Scapula",2496,44,0.0116309807031457
"S1C10","f__Comamonadaceae","Scapula",2496,70,0.0185038329368226
"S1C10","f__Enterobacteriaceae","Scapula",2496,1,0.00026434047052603
"S1C10","f__Flavobacteriaceae","Scapula",2496,7,0.00185038329368226
"S1C10","f__Holophagaceae","Scapula",2496,2737,0.723499867829765
"S1C10","f__Mogibacteriaceae","Scapula",2496,23,0.00607983082209886
"S1C10","f__Moraxellaceae","Scapula",2496,26,0.00687285223367698
"S1C10","f__Phormidiaceae","Scapula",2496,84,0.0222045995241872
"S1C10","f__Porphyromonadaceae","Scapula",2496,33,0.00872323552735924
"S1C10","f__Pseudomonadaceae","Scapula",2496,6,0.00158604282315623
"S1C10","f__Rhodocyclaceae","Scapula",2496,78,0.0206185567010309
"S1C10","f__Rikenellaceae","Scapula",2496,45,0.0118953211736717
"S1C10","f__Ruminococcaceae","Scapula",2496,9,0.00237906423473434
"S1C10","f__Sediment_4","Scapula",2496,134,0.035421623050489
"S1C10","f__Spirochaetaceae","Scapula",2496,46,0.0121596616441977
"S1C10","f__Syntrophomonadaceae","Scapula",2496,59,0.0155960877610362
"S1C10","f__Veillonellaceae","Scapula",2496,12,0.00317208564631245
"S1C10","Rare","Scapula",2496,369,0.0975416336241079
"S1C12","f__Clostridiaceae","Scapula",3103,28,0.00813008130081301
"S1C12","f__Comamonadaceae","Scapula",3103,53,0.0153890824622532
"S1C12","f__Enterobacteriaceae","Scapula",3103,1,0.0002903600464576
"S1C12","f__Flavobacteriaceae","Scapula",3103,6,0.00174216027874564
"S1C12","f__Holophagaceae","Scapula",3103,1679,0.487514518002323
"S1C12","f__Mogibacteriaceae","Scapula",3103,25,0.00725900116144019
"S1C12","f__Moraxellaceae","Scapula",3103,4,0.00116144018583043
"S1C12","f__Phormidiaceae","Scapula",3103,487,0.141405342624855
"S1C12","f__Porphyromonadaceae","Scapula",3103,23,0.00667828106852497
"S1C12","f__Pseudomonadaceae","Scapula",3103,33,0.00958188153310104
"S1C12","f__Rhodocyclaceae","Scapula",3103,104,0.0301974448315912
"S1C12","f__Rikenellaceae","Scapula",3103,21,0.00609756097560976
"S1C12","f__Ruminococcaceae","Scapula",3103,11,0.00319396051103368
"S1C12","f__Sediment_4","Scapula",3103,126,0.0365853658536585
"S1C12","f__Spirochaetaceae","Scapula",3103,59,0.0171312427409988
"S1C12","f__Syntrophomonadaceae","Scapula",3103,51,0.014808362369338
"S1C12","f__Veillonellaceae","Scapula",3103,13,0.0037746806039489
"S1C12","Rare","Scapula",3103,720,0.209059233449477
"S1C13","f__Clostridiaceae","Scapula",3434,114,0.0357590966122961
"S1C13","f__Comamonadaceae","Scapula",3434,13,0.00407779171894605
"S1C13","f__Enterobacteriaceae","Scapula",3434,5,0.00156838143036386
"S1C13","f__Flavobacteriaceae","Scapula",3434,1,0.00031367628607277
"S1C13","f__Holophagaceae","Scapula",3434,1549,0.485884567126725
"S1C13","f__Mogibacteriaceae","Scapula",3434,38,0.0119196988707654
"S1C13","f__Moraxellaceae","Scapula",3434,1,0.00031367628607277
"S1C13","f__Phormidiaceae","Scapula",3434,8,0.00250941028858218
"S1C13","f__Porphyromonadaceae","Scapula",3434,86,0.0269761606022585
"S1C13","f__Pseudomonadaceae","Scapula",3434,1,0.00031367628607277
"S1C13","f__Rhodocyclaceae","Scapula",3434,52,0.0163111668757842
"S1C13","f__Rikenellaceae","Scapula",3434,197,0.0617942283563363
"S1C13","f__Ruminococcaceae","Scapula",3434,21,0.00658720200752823
"S1C13","f__Sediment_4","Scapula",3434,73,0.0228983688833124
"S1C13","f__Spirochaetaceae","Scapula",3434,100,0.0313676286072773
"S1C13","f__Syntrophomonadaceae","Scapula",3434,63,0.0197616060225847
"S1C13","f__Veillonellaceae","Scapula",3434,38,0.0119196988707654
"S1C13","Rare","Scapula",3434,828,0.259723964868256
"S1C15","f__Clostridiaceae","Scapula",3962,12,0.00309837335398916
"S1C15","f__Comamonadaceae","Scapula",3962,1182,0.305189775367932
"S1C15","f__Enterobacteriaceae","Scapula",3962,7,0.00180738445649367
"S1C15","f__Flavobacteriaceae","Scapula",3962,73,0.018848437903434
"S1C15","f__Holophagaceae","Scapula",3962,326,0.0841724761167054
"S1C15","f__Mogibacteriaceae","Scapula",3962,0,0
"S1C15","f__Moraxellaceae","Scapula",3962,1,0.00025819777949909
"S1C15","f__Phormidiaceae","Scapula",3962,8,0.00206558223599277
"S1C15","f__Porphyromonadaceae","Scapula",3962,2,0.00051639555899819
"S1C15","f__Pseudomonadaceae","Scapula",3962,26,0.0067131422669765
"S1C15","f__Rhodocyclaceae","Scapula",3962,701,0.180996643428867
"S1C15","f__Rikenellaceae","Scapula",3962,2,0.00051639555899819
"S1C15","f__Ruminococcaceae","Scapula",3962,2,0.00051639555899819
"S1C15","f__Sediment_4","Scapula",3962,14,0.00361476891298735
"S1C15","f__Spirochaetaceae","Scapula",3962,14,0.00361476891298735
"S1C15","f__Syntrophomonadaceae","Scapula",3962,0,0
"S1C15","f__Veillonellaceae","Scapula",3962,0,0
"S1C15","Rare","Scapula",3962,1503,0.388071262587141
"S1C17","f__Clostridiaceae","Scapula",4527,166,0.0469855646759128
"S1C17","f__Comamonadaceae","Scapula",4527,1102,0.31191621851118
"S1C17","f__Enterobacteriaceae","Scapula",4527,26,0.00735918482875743
"S1C17","f__Flavobacteriaceae","Scapula",4527,64,0.0181149165015567
"S1C17","f__Holophagaceae","Scapula",4527,128,0.0362298330031135
"S1C17","f__Mogibacteriaceae","Scapula",4527,12,0.00339654684404189
"S1C17","f__Moraxellaceae","Scapula",4527,0,0
"S1C17","f__Phormidiaceae","Scapula",4527,8,0.00226436456269459
"S1C17","f__Porphyromonadaceae","Scapula",4527,10,0.00283045570336824
"S1C17","f__Pseudomonadaceae","Scapula",4527,47,0.0133031418058307
"S1C17","f__Rhodocyclaceae","Scapula",4527,452,0.127936597792245
"S1C17","f__Rikenellaceae","Scapula",4527,3,0.00084913671101047
"S1C17","f__Ruminococcaceae","Scapula",4527,81,0.0229266911972828
"S1C17","f__Sediment_4","Scapula",4527,11,0.00311350127370507
"S1C17","f__Spirochaetaceae","Scapula",4527,17,0.00481177469572601
"S1C17","f__Syntrophomonadaceae","Scapula",4527,132,0.0373620152844608
"S1C17","f__Veillonellaceae","Scapula",4527,58,0.0164166430795358
"S1C17","Rare","Scapula",4527,1216,0.344183413529578
"S1C2","f__Clostridiaceae","Scapula",489,672,0.168759417378202
"S1C2","f__Comamonadaceae","Scapula",489,251,0.0630336514314415
"S1C2","f__Enterobacteriaceae","Scapula",489,325,0.0816172777498744
"S1C2","f__Flavobacteriaceae","Scapula",489,9,0.00226017076845806
"S1C2","f__Holophagaceae","Scapula",489,62,0.0155700652938222
"S1C2","f__Mogibacteriaceae","Scapula",489,15,0.00376695128076344
"S1C2","f__Moraxellaceae","Scapula",489,82,0.0205926670015068
"S1C2","f__Phormidiaceae","Scapula",489,13,0.00326469110999498
"S1C2","f__Porphyromonadaceae","Scapula",489,71,0.0178302360622803
"S1C2","f__Pseudomonadaceae","Scapula",489,698,0.175288799598192
"S1C2","f__Rhodocyclaceae","Scapula",489,153,0.038422903063787
"S1C2","f__Rikenellaceae","Scapula",489,332,0.083375188347564
"S1C2","f__Ruminococcaceae","Scapula",489,82,0.0205926670015068
"S1C2","f__Sediment_4","Scapula",489,0,0
"S1C2","f__Spirochaetaceae","Scapula",489,4,0.00100452034153692
"S1C2","f__Syntrophomonadaceae","Scapula",489,0,0
"S1C2","f__Veillonellaceae","Scapula",489,169,0.0424409844299347
"S1C2","Rare","Scapula",489,1044,0.262179809141135
"S1C4","f__Clostridiaceae","Scapula",989,1147,0.307589165996246
"S1C4","f__Comamonadaceae","Scapula",989,148,0.0396889246446769
"S1C4","f__Enterobacteriaceae","Scapula",989,94,0.025207830517565
"S1C4","f__Flavobacteriaceae","Scapula",989,7,0.00187717886832931
"S1C4","f__Holophagaceae","Scapula",989,201,0.0539018503620274
"S1C4","f__Mogibacteriaceae","Scapula",989,224,0.0600697237865379
"S1C4","f__Moraxellaceae","Scapula",989,20,0.0053633681952266
"S1C4","f__Phormidiaceae","Scapula",989,9,0.00241351568785197
"S1C4","f__Porphyromonadaceae","Scapula",989,51,0.0136765888978278
"S1C4","f__Pseudomonadaceae","Scapula",989,36,0.00965406275140788
"S1C4","f__Rhodocyclaceae","Scapula",989,254,0.0681147760793779
"S1C4","f__Rikenellaceae","Scapula",989,257,0.0689192813086618
"S1C4","f__Ruminococcaceae","Scapula",989,186,0.0498793242156074
"S1C4","f__Sediment_4","Scapula",989,8,0.00214534727809064
"S1C4","f__Spirochaetaceae","Scapula",989,125,0.0335210512201663
"S1C4","f__Syntrophomonadaceae","Scapula",989,84,0.0225261464199517
"S1C4","f__Veillonellaceae","Scapula",989,333,0.0893000804505229
"S1C4","Rare","Scapula",989,545,0.146151783319925
"S1C6","f__Clostridiaceae","Scapula",1490,1442,0.386284489686579
"S1C6","f__Comamonadaceae","Scapula",1490,30,0.00803643182427002
"S1C6","f__Enterobacteriaceae","Scapula",1490,507,0.135815697830163
"S1C6","f__Flavobacteriaceae","Scapula",1490,5,0.001339405304045
"S1C6","f__Holophagaceae","Scapula",1490,211,0.0565229038306992
"S1C6","f__Mogibacteriaceae","Scapula",1490,76,0.0203589606214841
"S1C6","f__Moraxellaceae","Scapula",1490,1,0.000267881060809
"S1C6","f__Phormidiaceae","Scapula",1490,8,0.00214304848647201
"S1C6","f__Porphyromonadaceae","Scapula",1490,30,0.00803643182427002
"S1C6","f__Pseudomonadaceae","Scapula",1490,6,0.001607286364854
"S1C6","f__Rhodocyclaceae","Scapula",1490,113,0.0302705598714171
"S1C6","f__Rikenellaceae","Scapula",1490,209,0.0559871417090812
"S1C6","f__Ruminococcaceae","Scapula",1490,194,0.0519689257969462
"S1C6","f__Sediment_4","Scapula",1490,4,0.001071524243236
"S1C6","f__Spirochaetaceae","Scapula",1490,18,0.00482185909456201
"S1C6","f__Syntrophomonadaceae","Scapula",1490,45,0.012054647736405
"S1C6","f__Veillonellaceae","Scapula",1490,562,0.150549156174658
"S1C6","Rare","Scapula",1490,272,0.0728636485400481
"S1C8","f__Clostridiaceae","Scapula",1980,192,0.0601503759398496
"S1C8","f__Comamonadaceae","Scapula",1980,26,0.0081453634085213
"S1C8","f__Enterobacteriaceae","Scapula",1980,51,0.0159774436090226
"S1C8","f__Flavobacteriaceae","Scapula",1980,0,0
"S1C8","f__Holophagaceae","Scapula",1980,1473,0.461466165413534
"S1C8","f__Mogibacteriaceae","Scapula",1980,32,0.0100250626566416
"S1C8","f__Moraxellaceae","Scapula",1980,58,0.0181704260651629
"S1C8","f__Phormidiaceae","Scapula",1980,10,0.0031328320802005
"S1C8","f__Porphyromonadaceae","Scapula",1980,85,0.0266290726817043
"S1C8","f__Pseudomonadaceae","Scapula",1980,2,0.0006265664160401
"S1C8","f__Rhodocyclaceae","Scapula",1980,17,0.00532581453634085
"S1C8","f__Rikenellaceae","Scapula",1980,167,0.0523182957393484
"S1C8","f__Ruminococcaceae","Scapula",1980,60,0.018796992481203
"S1C8","f__Sediment_4","Scapula",1980,152,0.0476190476190476
"S1C8","f__Spirochaetaceae","Scapula",1980,93,0.0291353383458647
"S1C8","f__Syntrophomonadaceae","Scapula",1980,141,0.0441729323308271
"S1C8","f__Veillonellaceae","Scapula",1980,83,0.0260025062656642
"S1C8","Rare","Scapula",1980,550,0.172305764411028
"S2B","f__Clostridiaceae","Scapula",0,2,0.00045724737082761
"S2B","f__Comamonadaceae","Scapula",0,0,0
"S2B","f__Enterobacteriaceae","Scapula",0,291,0.0665294924554184
"S2B","f__Flavobacteriaceae","Scapula",0,530,0.121170553269319
"S2B","f__Holophagaceae","Scapula",0,0,0
"S2B","f__Mogibacteriaceae","Scapula",0,0,0
"S2B","f__Moraxellaceae","Scapula",0,1830,0.41838134430727
"S2B","f__Phormidiaceae","Scapula",0,0,0
"S2B","f__Porphyromonadaceae","Scapula",0,0,0
"S2B","f__Pseudomonadaceae","Scapula",0,1639,0.374714220393233
"S2B","f__Rhodocyclaceae","Scapula",0,0,0
"S2B","f__Rikenellaceae","Scapula",0,0,0
"S2B","f__Ruminococcaceae","Scapula",0,1,0.0002286236854138
"S2B","f__Sediment_4","Scapula",0,0,0
"S2B","f__Spirochaetaceae","Scapula",0,0,0
"S2B","f__Syntrophomonadaceae","Scapula",0,0,0
"S2B","f__Veillonellaceae","Scapula",0,0,0
"S2B","Rare","Scapula",0,81,0.0185185185185185
"S2C10","f__Clostridiaceae","Scapula",2496,123,0.0340154867256637
"S2C10","f__Comamonadaceae","Scapula",2496,27,0.00746681415929204
"S2C10","f__Enterobacteriaceae","Scapula",2496,5,0.00138274336283186
"S2C10","f__Flavobacteriaceae","Scapula",2496,1,0.00027654867256637
"S2C10","f__Holophagaceae","Scapula",2496,2448,0.676991150442478
"S2C10","f__Mogibacteriaceae","Scapula",2496,16,0.00442477876106195
"S2C10","f__Moraxellaceae","Scapula",2496,7,0.0019358407079646
"S2C10","f__Phormidiaceae","Scapula",2496,6,0.00165929203539823
"S2C10","f__Porphyromonadaceae","Scapula",2496,43,0.011891592920354
"S2C10","f__Pseudomonadaceae","Scapula",2496,1,0.00027654867256637
"S2C10","f__Rhodocyclaceae","Scapula",2496,94,0.0259955752212389
"S2C10","f__Rikenellaceae","Scapula",2496,248,0.0685840707964602
"S2C10","f__Ruminococcaceae","Scapula",2496,23,0.00636061946902655
"S2C10","f__Sediment_4","Scapula",2496,95,0.0262721238938053
"S2C10","f__Spirochaetaceae","Scapula",2496,47,0.0129977876106195
"S2C10","f__Syntrophomonadaceae","Scapula",2496,103,0.0284845132743363
"S2C10","f__Veillonellaceae","Scapula",2496,22,0.00608407079646018
"S2C10","Rare","Scapula",2496,307,0.084900442477876
"S2C12","f__Clostridiaceae","Scapula",3103,49,0.0138770886434438
"S2C12","f__Comamonadaceae","Scapula",3103,7,0.00198244123477768
"S2C12","f__Enterobacteriaceae","Scapula",3103,2,0.00056641178136505
"S2C12","f__Flavobacteriaceae","Scapula",3103,0,0
"S2C12","f__Holophagaceae","Scapula",3103,1757,0.497592749929199
"S2C12","f__Mogibacteriaceae","Scapula",3103,15,0.00424808836023789
"S2C12","f__Moraxellaceae","Scapula",3103,1,0.00028320589068252
"S2C12","f__Phormidiaceae","Scapula",3103,825,0.233644859813084
"S2C12","f__Porphyromonadaceae","Scapula",3103,18,0.00509770603228547
"S2C12","f__Pseudomonadaceae","Scapula",3103,2,0.00056641178136505
"S2C12","f__Rhodocyclaceae","Scapula",3103,113,0.0320022656471255
"S2C12","f__Rikenellaceae","Scapula",3103,58,0.0164259416595865
"S2C12","f__Ruminococcaceae","Scapula",3103,19,0.005380911922968
"S2C12","f__Sediment_4","Scapula",3103,83,0.0235060889266497
"S2C12","f__Spirochaetaceae","Scapula",3103,29,0.00821297082979326
"S2C12","f__Syntrophomonadaceae","Scapula",3103,28,0.00792976493911073
"S2C12","f__Veillonellaceae","Scapula",3103,11,0.00311526479750779
"S2C12","Rare","Scapula",3103,514,0.145567827810818
"S2C13","f__Clostridiaceae","Scapula",3434,56,0.0166666666666667
"S2C13","f__Comamonadaceae","Scapula",3434,73,0.0217261904761905
"S2C13","f__Enterobacteriaceae","Scapula",3434,27,0.00803571428571428
"S2C13","f__Flavobacteriaceae","Scapula",3434,3,0.00089285714285714
"S2C13","f__Holophagaceae","Scapula",3434,1133,0.337202380952381
"S2C13","f__Mogibacteriaceae","Scapula",3434,15,0.00446428571428571
"S2C13","f__Moraxellaceae","Scapula",3434,9,0.00267857142857143
"S2C13","f__Phormidiaceae","Scapula",3434,670,0.199404761904762
"S2C13","f__Porphyromonadaceae","Scapula",3434,36,0.0107142857142857
"S2C13","f__Pseudomonadaceae","Scapula",3434,2,0.00059523809523809
"S2C13","f__Rhodocyclaceae","Scapula",3434,159,0.0473214285714286
"S2C13","f__Rikenellaceae","Scapula",3434,28,0.00833333333333333
"S2C13","f__Ruminococcaceae","Scapula",3434,21,0.00625
"S2C13","f__Sediment_4","Scapula",3434,208,0.0619047619047619
"S2C13","f__Spirochaetaceae","Scapula",3434,90,0.0267857142857143
"S2C13","f__Syntrophomonadaceae","Scapula",3434,276,0.0821428571428571
"S2C13","f__Veillonellaceae","Scapula",3434,22,0.00654761904761905
"S2C13","Rare","Scapula",3434,532,0.158333333333333
"S2C15","f__Clostridiaceae","Scapula",3962,48,0.0130293159609121
"S2C15","f__Comamonadaceae","Scapula",3962,1267,0.343919652551574
"S2C15","f__Enterobacteriaceae","Scapula",3962,0,0
"S2C15","f__Flavobacteriaceae","Scapula",3962,167,0.0453311617806732
"S2C15","f__Holophagaceae","Scapula",3962,89,0.0241585233441911
"S2C15","f__Mogibacteriaceae","Scapula",3962,15,0.00407166123778502
"S2C15","f__Moraxellaceae","Scapula",3962,6,0.00162866449511401
"S2C15","f__Phormidiaceae","Scapula",3962,5,0.00135722041259501
"S2C15","f__Porphyromonadaceae","Scapula",3962,0,0
"S2C15","f__Pseudomonadaceae","Scapula",3962,0,0
"S2C15","f__Rhodocyclaceae","Scapula",3962,482,0.130836047774159
"S2C15","f__Rikenellaceae","Scapula",3962,0,0
"S2C15","f__Ruminococcaceae","Scapula",3962,3,0.000814332247557
"S2C15","f__Sediment_4","Scapula",3962,0,0
"S2C15","f__Spirochaetaceae","Scapula",3962,6,0.00162866449511401
"S2C15","f__Syntrophomonadaceae","Scapula",3962,15,0.00407166123778502
"S2C15","f__Veillonellaceae","Scapula",3962,0,0
"S2C15","Rare","Scapula",3962,1581,0.429153094462541
"S2C17","f__Clostridiaceae","Scapula",4527,47,0.0127995642701525
"S2C17","f__Comamonadaceae","Scapula",4527,951,0.258986928104575
"S2C17","f__Enterobacteriaceae","Scapula",4527,0,0
"S2C17","f__Flavobacteriaceae","Scapula",4527,357,0.0972222222222222
"S2C17","f__Holophagaceae","Scapula",4527,603,0.16421568627451
"S2C17","f__Mogibacteriaceae","Scapula",4527,16,0.00435729847494553
"S2C17","f__Moraxellaceae","Scapula",4527,6,0.00163398692810458
"S2C17","f__Phormidiaceae","Scapula",4527,8,0.00217864923747277
"S2C17","f__Porphyromonadaceae","Scapula",4527,31,0.00844226579520697
"S2C17","f__Pseudomonadaceae","Scapula",4527,17,0.00462962962962963
"S2C17","f__Rhodocyclaceae","Scapula",4527,685,0.186546840958606
"S2C17","f__Rikenellaceae","Scapula",4527,4,0.00108932461873638
"S2C17","f__Ruminococcaceae","Scapula",4527,5,0.00136165577342048
"S2C17","f__Sediment_4","Scapula",4527,3,0.00081699346405228
"S2C17","f__Spirochaetaceae","Scapula",4527,2,0.00054466230936819
"S2C17","f__Syntrophomonadaceae","Scapula",4527,22,0.00599128540305011
"S2C17","f__Veillonellaceae","Scapula",4527,7,0.00190631808278867
"S2C17","Rare","Scapula",4527,908,0.247276688453159
"S2C2","f__Clostridiaceae","Scapula",489,1200,0.303643724696356
"S2C2","f__Comamonadaceae","Scapula",489,80,0.0202429149797571
"S2C2","f__Enterobacteriaceae","Scapula",489,718,0.18168016194332
"S2C2","f__Flavobacteriaceae","Scapula",489,0,0
"S2C2","f__Holophagaceae","Scapula",489,193,0.048836032388664
"S2C2","f__Mogibacteriaceae","Scapula",489,32,0.00809716599190283
"S2C2","f__Moraxellaceae","Scapula",489,17,0.00430161943319838
"S2C2","f__Phormidiaceae","Scapula",489,6,0.00151821862348178
"S2C2","f__Porphyromonadaceae","Scapula",489,81,0.020495951417004
"S2C2","f__Pseudomonadaceae","Scapula",489,176,0.0445344129554656
"S2C2","f__Rhodocyclaceae","Scapula",489,60,0.0151821862348178
"S2C2","f__Rikenellaceae","Scapula",489,583,0.14752024291498
"S2C2","f__Ruminococcaceae","Scapula",489,160,0.0404858299595142
"S2C2","f__Sediment_4","Scapula",489,0,0
"S2C2","f__Spirochaetaceae","Scapula",489,11,0.0027834008097166
"S2C2","f__Syntrophomonadaceae","Scapula",489,0,0
"S2C2","f__Veillonellaceae","Scapula",489,192,0.048582995951417
"S2C2","Rare","Scapula",489,443,0.112095141700405
"S2C4","f__Clostridiaceae","Scapula",989,484,0.139803581744656
"S2C4","f__Comamonadaceae","Scapula",989,320,0.0924321201617562
"S2C4","f__Enterobacteriaceae","Scapula",989,145,0.0418833044482958
"S2C4","f__Flavobacteriaceae","Scapula",989,39,0.011265164644714
"S2C4","f__Holophagaceae","Scapula",989,474,0.136915077989601
"S2C4","f__Mogibacteriaceae","Scapula",989,97,0.0280184864240323
"S2C4","f__Moraxellaceae","Scapula",989,139,0.0401502021952629
"S2C4","f__Phormidiaceae","Scapula",989,0,0
"S2C4","f__Porphyromonadaceae","Scapula",989,65,0.0187752744078567
"S2C4","f__Pseudomonadaceae","Scapula",989,139,0.0401502021952629
"S2C4","f__Rhodocyclaceae","Scapula",989,306,0.0883882149046794
"S2C4","f__Rikenellaceae","Scapula",989,104,0.0300404390525708
"S2C4","f__Ruminococcaceae","Scapula",989,126,0.0363951473136915
"S2C4","f__Sediment_4","Scapula",989,3,0.00086655112651646
"S2C4","f__Spirochaetaceae","Scapula",989,41,0.011842865395725
"S2C4","f__Syntrophomonadaceae","Scapula",989,26,0.00751010976314269
"S2C4","f__Veillonellaceae","Scapula",989,109,0.0314846909300982
"S2C4","Rare","Scapula",989,845,0.244078567302138
"S2C6","f__Clostridiaceae","Scapula",1490,517,0.141838134430727
"S2C6","f__Comamonadaceae","Scapula",1490,317,0.0869684499314129
"S2C6","f__Enterobacteriaceae","Scapula",1490,108,0.0296296296296296
"S2C6","f__Flavobacteriaceae","Scapula",1490,5,0.00137174211248285
"S2C6","f__Holophagaceae","Scapula",1490,605,0.165980795610425
"S2C6","f__Mogibacteriaceae","Scapula",1490,69,0.0189300411522634
"S2C6","f__Moraxellaceae","Scapula",1490,31,0.00850480109739369
"S2C6","f__Phormidiaceae","Scapula",1490,293,0.0803840877914952
"S2C6","f__Porphyromonadaceae","Scapula",1490,77,0.0211248285322359
"S2C6","f__Pseudomonadaceae","Scapula",1490,22,0.00603566529492455
"S2C6","f__Rhodocyclaceae","Scapula",1490,557,0.15281207133059
"S2C6","f__Rikenellaceae","Scapula",1490,95,0.0260631001371742
"S2C6","f__Ruminococcaceae","Scapula",1490,88,0.0241426611796982
"S2C6","f__Sediment_4","Scapula",1490,42,0.011522633744856
"S2C6","f__Spirochaetaceae","Scapula",1490,15,0.00411522633744856
"S2C6","f__Syntrophomonadaceae","Scapula",1490,96,0.0263374485596708
"S2C6","f__Veillonellaceae","Scapula",1490,159,0.0436213991769547
"S2C6","Rare","Scapula",1490,549,0.150617283950617
"S2C8","f__Clostridiaceae","Scapula",1980,219,0.0638297872340425
"S2C8","f__Comamonadaceae","Scapula",1980,10,0.0029146021568056
"S2C8","f__Enterobacteriaceae","Scapula",1980,18,0.00524628388225007
"S2C8","f__Flavobacteriaceae","Scapula",1980,0,0
"S2C8","f__Holophagaceae","Scapula",1980,2069,0.603031186243078
"S2C8","f__Mogibacteriaceae","Scapula",1980,12,0.00349752258816672
"S2C8","f__Moraxellaceae","Scapula",1980,3,0.00087438064704167
"S2C8","f__Phormidiaceae","Scapula",1980,68,0.0198192946662781
"S2C8","f__Porphyromonadaceae","Scapula",1980,34,0.00990964733313903
"S2C8","f__Pseudomonadaceae","Scapula",1980,0,0
"S2C8","f__Rhodocyclaceae","Scapula",1980,36,0.0104925677645001
"S2C8","f__Rikenellaceae","Scapula",1980,205,0.0597493442145147
"S2C8","f__Ruminococcaceae","Scapula",1980,22,0.00641212474497231
"S2C8","f__Sediment_4","Scapula",1980,60,0.0174876129408336
"S2C8","f__Spirochaetaceae","Scapula",1980,35,0.0102011075488196
"S2C8","f__Syntrophomonadaceae","Scapula",1980,128,0.0373069076071116
"S2C8","f__Veillonellaceae","Scapula",1980,52,0.0151559312153891
"S2C8","Rare","Scapula",1980,460,0.134071699213057
"S3C10","f__Clostridiaceae","Scapula",2496,58,0.0159472092383833
"S3C10","f__Comamonadaceae","Scapula",2496,319,0.0877096508111081
"S3C10","f__Enterobacteriaceae","Scapula",2496,1,0.0002749518834204
"S3C10","f__Flavobacteriaceae","Scapula",2496,16,0.00439923013472642
"S3C10","f__Holophagaceae","Scapula",2496,2177,0.598570250206214
"S3C10","f__Mogibacteriaceae","Scapula",2496,14,0.00384932636788562
"S3C10","f__Moraxellaceae","Scapula",2496,5,0.00137475941710201
"S3C10","f__Phormidiaceae","Scapula",2496,7,0.00192466318394281
"S3C10","f__Porphyromonadaceae","Scapula",2496,16,0.00439923013472642
"S3C10","f__Pseudomonadaceae","Scapula",2496,42,0.0115479791036569
"S3C10","f__Rhodocyclaceae","Scapula",2496,108,0.0296948034094034
"S3C10","f__Rikenellaceae","Scapula",2496,47,0.0129227385207589
"S3C10","f__Ruminococcaceae","Scapula",2496,10,0.00274951883420401
"S3C10","f__Sediment_4","Scapula",2496,135,0.0371185042617542
"S3C10","f__Spirochaetaceae","Scapula",2496,26,0.00714874896893044
"S3C10","f__Syntrophomonadaceae","Scapula",2496,40,0.0109980753368161
"S3C10","f__Veillonellaceae","Scapula",2496,42,0.0115479791036569
"S3C10","Rare","Scapula",2496,574,0.15782238108331
"S3C12","f__Clostridiaceae","Scapula",3103,62,0.0202813215570821
"S3C12","f__Comamonadaceae","Scapula",3103,116,0.0379456983971214
"S3C12","f__Enterobacteriaceae","Scapula",3103,0,0
"S3C12","f__Flavobacteriaceae","Scapula",3103,10,0.00327118089630357
"S3C12","f__Holophagaceae","Scapula",3103,1183,0.386980700032712
"S3C12","f__Mogibacteriaceae","Scapula",3103,43,0.0140660778541053
"S3C12","f__Moraxellaceae","Scapula",3103,6,0.00196270853778214
"S3C12","f__Phormidiaceae","Scapula",3103,327,0.106967615309127
"S3C12","f__Porphyromonadaceae","Scapula",3103,8,0.00261694471704285
"S3C12","f__Pseudomonadaceae","Scapula",3103,36,0.0117762512266928
"S3C12","f__Rhodocyclaceae","Scapula",3103,93,0.0304219823356232
"S3C12","f__Rikenellaceae","Scapula",3103,23,0.0075237160614982
"S3C12","f__Ruminococcaceae","Scapula",3103,27,0.00883218842001963
"S3C12","f__Sediment_4","Scapula",3103,167,0.0546287209682695
"S3C12","f__Spirochaetaceae","Scapula",3103,33,0.0107948969578018
"S3C12","f__Syntrophomonadaceae","Scapula",3103,110,0.0359829898593392
"S3C12","f__Veillonellaceae","Scapula",3103,21,0.00686947988223749
"S3C12","Rare","Scapula",3103,792,0.259077526987242
"S3C13","f__Clostridiaceae","Scapula",3434,75,0.0223280738314975
"S3C13","f__Comamonadaceae","Scapula",3434,219,0.0651979755879726
"S3C13","f__Enterobacteriaceae","Scapula",3434,2,0.00059541530217326
"S3C13","f__Flavobacteriaceae","Scapula",3434,36,0.0107174754391188
"S3C13","f__Holophagaceae","Scapula",3434,754,0.224471568919321
"S3C13","f__Mogibacteriaceae","Scapula",3434,26,0.00774039892825246
"S3C13","f__Moraxellaceae","Scapula",3434,6,0.0017862459065198
"S3C13","f__Phormidiaceae","Scapula",3434,42,0.0125037213456386
"S3C13","f__Porphyromonadaceae","Scapula",3434,26,0.00774039892825246
"S3C13","f__Pseudomonadaceae","Scapula",3434,1,0.00029770765108663
"S3C13","f__Rhodocyclaceae","Scapula",3434,324,0.0964572789520691
"S3C13","f__Rikenellaceae","Scapula",3434,11,0.00327478416195296
"S3C13","f__Ruminococcaceae","Scapula",3434,34,0.0101220601369455
"S3C13","f__Sediment_4","Scapula",3434,185,0.0550759154510271
"S3C13","f__Spirochaetaceae","Scapula",3434,84,0.0250074426912772
"S3C13","f__Syntrophomonadaceae","Scapula",3434,681,0.202738910389997
"S3C13","f__Veillonellaceae","Scapula",3434,86,0.0256028579934504
"S3C13","Rare","Scapula",3434,767,0.228341768383448
"S3C15","f__Clostridiaceae","Scapula",3962,18,0.00485961123110151
"S3C15","f__Comamonadaceae","Scapula",3962,1053,0.284287257019438
"S3C15","f__Enterobacteriaceae","Scapula",3962,8,0.00215982721382289
"S3C15","f__Flavobacteriaceae","Scapula",3962,101,0.027267818574514
"S3C15","f__Holophagaceae","Scapula",3962,888,0.239740820734341
"S3C15","f__Mogibacteriaceae","Scapula",3962,4,0.00107991360691145
"S3C15","f__Moraxellaceae","Scapula",3962,0,0
"S3C15","f__Phormidiaceae","Scapula",3962,32,0.00863930885529158
"S3C15","f__Porphyromonadaceae","Scapula",3962,27,0.00728941684665227
"S3C15","f__Pseudomonadaceae","Scapula",3962,51,0.0137688984881209
"S3C15","f__Rhodocyclaceae","Scapula",3962,334,0.0901727861771058
"S3C15","f__Rikenellaceae","Scapula",3962,6,0.00161987041036717
"S3C15","f__Ruminococcaceae","Scapula",3962,12,0.00323974082073434
"S3C15","f__Sediment_4","Scapula",3962,27,0.00728941684665227
"S3C15","f__Spirochaetaceae","Scapula",3962,31,0.00836933045356372
"S3C15","f__Syntrophomonadaceae","Scapula",3962,33,0.00890928725701944
"S3C15","f__Veillonellaceae","Scapula",3962,24,0.00647948164146868
"S3C15","Rare","Scapula",3962,1055,0.284827213822894
"S3C2","f__Clostridiaceae","Scapula",489,1400,0.334928229665072
"S3C2","f__Comamonadaceae","Scapula",489,185,0.0442583732057416
"S3C2","f__Enterobacteriaceae","Scapula",489,276,0.0660287081339713
"S3C2","f__Flavobacteriaceae","Scapula",489,5,0.00119617224880383
"S3C2","f__Holophagaceae","Scapula",489,32,0.0076555023923445
"S3C2","f__Mogibacteriaceae","Scapula",489,50,0.0119617224880383
"S3C2","f__Moraxellaceae","Scapula",489,38,0.00909090909090909
"S3C2","f__Phormidiaceae","Scapula",489,2,0.00047846889952153
"S3C2","f__Porphyromonadaceae","Scapula",489,41,0.00980861244019139
"S3C2","f__Pseudomonadaceae","Scapula",489,924,0.221052631578947
"S3C2","f__Rhodocyclaceae","Scapula",489,63,0.0150717703349282
"S3C2","f__Rikenellaceae","Scapula",489,390,0.0933014354066986
"S3C2","f__Ruminococcaceae","Scapula",489,97,0.0232057416267943
"S3C2","f__Sediment_4","Scapula",489,0,0
"S3C2","f__Spirochaetaceae","Scapula",489,4,0.00095693779904306
"S3C2","f__Syntrophomonadaceae","Scapula",489,1,0.00023923444976076
"S3C2","f__Veillonellaceae","Scapula",489,255,0.0610047846889952
"S3C2","Rare","Scapula",489,417,0.0997607655502392
"S3C4","f__Clostridiaceae","Scapula",989,719,0.204784961549416
"S3C4","f__Comamonadaceae","Scapula",989,458,0.130447166049559
"S3C4","f__Enterobacteriaceae","Scapula",989,187,0.053261179151239
"S3C4","f__Flavobacteriaceae","Scapula",989,23,0.00655084021646255
"S3C4","f__Holophagaceae","Scapula",989,300,0.0854457419538593
"S3C4","f__Mogibacteriaceae","Scapula",989,92,0.0262033608658502
"S3C4","f__Moraxellaceae","Scapula",989,70,0.0199373397892338
"S3C4","f__Phormidiaceae","Scapula",989,9,0.00256337225861578
"S3C4","f__Porphyromonadaceae","Scapula",989,74,0.0210766163486186
"S3C4","f__Pseudomonadaceae","Scapula",989,59,0.0168043292509257
"S3C4","f__Rhodocyclaceae","Scapula",989,187,0.053261179151239
"S3C4","f__Rikenellaceae","Scapula",989,557,0.158644260894332
"S3C4","f__Ruminococcaceae","Scapula",989,115,0.0327542010823127
"S3C4","f__Sediment_4","Scapula",989,10,0.00284819139846198
"S3C4","f__Spirochaetaceae","Scapula",989,19,0.00541156365707776
"S3C4","f__Syntrophomonadaceae","Scapula",989,13,0.00370264881800057
"S3C4","f__Veillonellaceae","Scapula",989,147,0.0418684135573911
"S3C4","Rare","Scapula",989,472,0.134434634007405
"S3C6","f__Clostridiaceae","Scapula",1490,1245,0.349620893007582
"S3C6","f__Comamonadaceae","Scapula",1490,9,0.0025273799494524
"S3C6","f__Enterobacteriaceae","Scapula",1490,224,0.0629036787419264
"S3C6","f__Flavobacteriaceae","Scapula",1490,9,0.0025273799494524
"S3C6","f__Holophagaceae","Scapula",1490,669,0.187868576242628
"S3C6","f__Mogibacteriaceae","Scapula",1490,162,0.0454928390901432
"S3C6","f__Moraxellaceae","Scapula",1490,12,0.0033698399326032
"S3C6","f__Phormidiaceae","Scapula",1490,0,0
"S3C6","f__Porphyromonadaceae","Scapula",1490,43,0.0120752597584948
"S3C6","f__Pseudomonadaceae","Scapula",1490,11,0.0030890199382196
"S3C6","f__Rhodocyclaceae","Scapula",1490,36,0.0101095197978096
"S3C6","f__Rikenellaceae","Scapula",1490,164,0.0460544790789104
"S3C6","f__Ruminococcaceae","Scapula",1490,167,0.0468969390620612
"S3C6","f__Sediment_4","Scapula",1490,80,0.022465599550688
"S3C6","f__Spirochaetaceae","Scapula",1490,79,0.0221847795563044
"S3C6","f__Syntrophomonadaceae","Scapula",1490,155,0.043527099129458
"S3C6","f__Veillonellaceae","Scapula",1490,266,0.0746981185060376
"S3C6","Rare","Scapula",1490,230,0.064588598708228
"S3C8","f__Clostridiaceae","Scapula",1980,202,0.0573212258796822
"S3C8","f__Comamonadaceae","Scapula",1980,13,0.00368898978433598
"S3C8","f__Enterobacteriaceae","Scapula",1980,41,0.0116345062429058
"S3C8","f__Flavobacteriaceae","Scapula",1980,1,0.00028376844494892
"S3C8","f__Holophagaceae","Scapula",1980,2020,0.573212258796822
"S3C8","f__Mogibacteriaceae","Scapula",1980,18,0.00510783200908059
"S3C8","f__Moraxellaceae","Scapula",1980,12,0.00340522133938706
"S3C8","f__Phormidiaceae","Scapula",1980,77,0.021850170261067
"S3C8","f__Porphyromonadaceae","Scapula",1980,33,0.00936435868331442
"S3C8","f__Pseudomonadaceae","Scapula",1980,0,0
"S3C8","f__Rhodocyclaceae","Scapula",1980,67,0.0190124858115778
"S3C8","f__Rikenellaceae","Scapula",1980,241,0.0683881952326901
"S3C8","f__Ruminococcaceae","Scapula",1980,36,0.0102156640181612
"S3C8","f__Sediment_4","Scapula",1980,51,0.014472190692395
"S3C8","f__Spirochaetaceae","Scapula",1980,72,0.0204313280363224
"S3C8","f__Syntrophomonadaceae","Scapula",1980,23,0.0065266742338252
"S3C8","f__Veillonellaceae","Scapula",1980,56,0.0158910329171396
"S3C8","Rare","Scapula",1980,561,0.159194097616345
